Title,Description,Url
Gris (Original Game Soundtrack),Description,https://www.youtube.com/playlist?list=OLAK5uy_nWEw_XDViVW6OkabOr67WU58-rN760uYE
Mae,"Provided to YouTube by SonoSuite

Mae · Berlinist

Gris (Original Game Soundtrack)

℗ Berlinist / Nomada Studio

Released on: 2018-12-13

Auto-generated by YouTube.",https://www.youtube.com/watch?v=Ti__MGSXkVk
"Gris, Pt. 1","Provided to YouTube by SonoSuite

Gris, Pt. 1 · Berlinist

Gris (Original Game Soundtrack)

℗ Berlinist / Nomada Studio

Released on: 2018-12-13

Auto-generated by YouTube.",https://www.youtube.com/watch?v=c_2gHmpZmzU
Debris,"Provided to YouTube by SonoSuite

Debris · Berlinist

Gris (Original Game Soundtrack)

℗ Berlinist / Nomada Studio

Released on: 2018-12-13

Auto-generated by YouTube.",https://www.youtube.com/watch?v=j1XUU6gzHgg
Lift,"Provided to YouTube by SonoSuite

Lift · Berlinist

Gris (Original Game Soundtrack)

℗ Berlinist / Nomada Studio

Released on: 2018-12-13

Auto-generated by YouTube.",https://www.youtube.com/watch?v=OoNV37ble0A
Meridian,"Provided to YouTube by SonoSuite

Meridian · Berlinist

Gris (Original Game Soundtrack)

℗ Berlinist / Nomada Studio

Released on: 2018-12-13

Auto-generated by YouTube.",https://www.youtube.com/watch?v=rfsPt-nmfzo
Chiasm,"Provided to YouTube by SonoSuite

Chiasm · Berlinist

Gris (Original Game Soundtrack)

℗ Berlinist / Nomada Studio

Released on: 2018-12-13

Auto-generated by YouTube.",https://www.youtube.com/watch?v=vni-HhZsxk0
Incipit,"Provided to YouTube by SonoSuite

Incipit · Berlinist

Gris (Original Game Soundtrack)

℗ Berlinist / Nomada Studio

Released on: 2018-12-13

Auto-generated by YouTube.",https://www.youtube.com/watch?v=_JHBZI2Bf1w
Perseverance,"Provided to YouTube by SonoSuite

Perseverance · Berlinist

Gris (Original Game Soundtrack)

℗ Berlinist / Nomada Studio

Released on: 2018-12-13

Auto-generated by YouTube.",https://www.youtube.com/watch?v=v1c5gV3EpRA
Boundary,"Provided to YouTube by SonoSuite

Boundary · Berlinist

Gris (Original Game Soundtrack)

℗ Berlinist / Nomada Studio

Released on: 2018-12-13

Auto-generated by YouTube.",https://www.youtube.com/watch?v=pX50r_UPG9k
Windmill,"Provided to YouTube by SonoSuite

Windmill · Berlinist

Gris (Original Game Soundtrack)

℗ Berlinist / Nomada Studio

Released on: 2018-12-13

Auto-generated by YouTube.",https://www.youtube.com/watch?v=DM3w76XbExY
Opaque,"Provided to YouTube by SonoSuite

Opaque · Berlinist

Gris (Original Game Soundtrack)

℗ Berlinist / Nomada Studio

Released on: 2018-12-13

Auto-generated by YouTube.",https://www.youtube.com/watch?v=BaORtA-2ZVQ
Komorebi,"Provided to YouTube by SonoSuite

Komorebi · Berlinist

Gris (Original Game Soundtrack)

℗ Berlinist / Nomada Studio

Released on: 2018-12-13

Auto-generated by YouTube.",https://www.youtube.com/watch?v=hLR5dkfU-hE
Environments,"Provided to YouTube by SonoSuite

Environments · Berlinist

Gris (Original Game Soundtrack)

℗ Berlinist / Nomada Studio

Released on: 2018-12-13

Auto-generated by YouTube.",https://www.youtube.com/watch?v=a0y_KKcQhqg
Tobu,"Provided to YouTube by SonoSuite

Tobu · Berlinist

Gris (Original Game Soundtrack)

℗ Berlinist / Nomada Studio

Released on: 2018-12-13

Auto-generated by YouTube.",https://www.youtube.com/watch?v=_tgvkUryfXI
Karasu,"Provided to YouTube by SonoSuite

Karasu · Berlinist

Gris (Original Game Soundtrack)

℗ Berlinist / Nomada Studio

Released on: 2018-12-13

Auto-generated by YouTube.",https://www.youtube.com/watch?v=ijG-D_MGfBE
Symmetry,"Provided to YouTube by SonoSuite

Symmetry · Berlinist

Gris (Original Game Soundtrack)

℗ Berlinist / Nomada Studio

Released on: 2018-12-13

Auto-generated by YouTube.",https://www.youtube.com/watch?v=UJPJYcudHGM
Rain,"Provided to YouTube by SonoSuite

Rain · Berlinist

Gris (Original Game Soundtrack)

℗ Berlinist / Nomada Studio

Released on: 2018-12-13

Auto-generated by YouTube.",https://www.youtube.com/watch?v=_T1aVcE_MBg
"Komorebi, Pt. 2","Provided to YouTube by SonoSuite

Komorebi, Pt. 2 · Berlinist

Gris (Original Game Soundtrack)

℗ Berlinist / Nomada Studio

Released on: 2018-12-13

Auto-generated by YouTube.",https://www.youtube.com/watch?v=N0nd2u7iSPo
Descent,"Provided to YouTube by SonoSuite

Descent · Berlinist

Gris (Original Game Soundtrack)

℗ Berlinist / Nomada Studio

Released on: 2018-12-13

Auto-generated by YouTube.",https://www.youtube.com/watch?v=c1UN0unVLQs
Unagi,"Provided to YouTube by SonoSuite

Unagi · Berlinist

Gris (Original Game Soundtrack)

℗ Berlinist / Nomada Studio

Released on: 2018-12-13

Auto-generated by YouTube.",https://www.youtube.com/watch?v=ihF8jUVT9Ns
Sparks,"Provided to YouTube by SonoSuite

Sparks · Berlinist

Gris (Original Game Soundtrack)

℗ Berlinist / Nomada Studio

Released on: 2018-12-13

Auto-generated by YouTube.",https://www.youtube.com/watch?v=Jt4MKTxkprU
Ascension,"Provided to YouTube by SonoSuite

Ascension · Berlinist

Gris (Original Game Soundtrack)

℗ Berlinist / Nomada Studio

Released on: 2018-12-13

Auto-generated by YouTube.",https://www.youtube.com/watch?v=xzDlQKOLoVQ
Firmament,"Provided to YouTube by SonoSuite

Firmament · Berlinist

Gris (Original Game Soundtrack)

℗ Berlinist / Nomada Studio

Released on: 2018-12-13

Auto-generated by YouTube.",https://www.youtube.com/watch?v=rhmHcnDvx2U
Comparison,"Provided to YouTube by SonoSuite

Comparison · Berlinist

Gris (Original Game Soundtrack)

℗ Berlinist / Nomada Studio

Released on: 2018-12-13

Auto-generated by YouTube.",https://www.youtube.com/watch?v=tM-YJSq3phY
"Gris, Pt. 2","Provided to YouTube by SonoSuite

Gris, Pt. 2 · Berlinist

Gris (Original Game Soundtrack)

℗ Berlinist / Nomada Studio

Released on: 2018-12-13

Auto-generated by YouTube.",https://www.youtube.com/watch?v=InQk79Ll9u4
In Your Hands,"Provided to YouTube by SonoSuite

In Your Hands · Berlinist

Gris (Original Game Soundtrack)

℗ Berlinist / Nomada Studio

Released on: 2018-12-13

Auto-generated by YouTube.",https://www.youtube.com/watch?v=FLlenOmOWxI
Circles,"Provided to YouTube by SonoSuite

Circles · Berlinist

Gris (Original Game Soundtrack)

℗ Berlinist / Nomada Studio

Released on: 2018-12-13

Auto-generated by YouTube.",https://www.youtube.com/watch?v=Xg9BvO31QRA
